source,target,relation
d_5979,d_6308,Cites
d_4281,d_2785,Cites
d_6478,d_2785,Cites
d_1862,d_2785,Cites
d_4595,d_2785,Cites
d_5208,d_5661,Cites
d_4138,d_3676,Cites
d_3545,d_3676,Cites
d_1206,d_3676,Cites
d_4557,d_3676,Cites
d_7006,d_3676,Cites
d_2339,d_3676,Cites
d_794,d_6192,Cites
d_6351,d_6192,Cites
d_4315,d_6192,Cites
d_359,d_2281,Cites
d_6671,d_2281,Cites
d_948,d_13,Cites
d_6720,d_13,Cites
d_5929,d_6427,Cites
d_3790,d_6427,Cites
d_5777,d_6427,Cites
d_6766,d_6427,Cites
d_5130,d_6814,Cites
d_734,d_6814,Cites
d_4421,d_2579,Cites
d_899,d_2579,Cites
d_5705,d_2579,Cites
d_2289,d_2582,Cites
d_1589,d_5097,Cites
d_2472,d_5097,Cites
d_2782,d_5164,Cites
d_1533,d_5164,Cites
d_1746,d_5164,Cites
d_536,d_782,Cites
d_5386,d_4427,Cites
d_4685,d_4427,Cites
d_1714,d_4427,Cites
d_3420,d_2752,Cites
d_5596,d_322,Cites
d_2407,d_4542,Cites
d_4746,d_1965,Cites
d_4952,d_5368,Cites
d_1397,d_4999,Cites
d_5386,d_1714,Cites
d_4427,d_1714,Cites
d_4819,d_1714,Cites
d_1784,d_4952,Cites
d_5368,d_4952,Cites
d_4420,d_2520,Cites
d_3931,d_2520,Cites
d_6043,d_2520,Cites
d_121,d_82,Cites
d_223,d_2239,Cites
d_5662,d_2466,Cites
d_1904,d_2466,Cites
d_2521,d_6044,Cites
d_3885,d_6044,Cites
d_4148,d_6044,Cites
d_499,d_6044,Cites
d_6006,d_3176,Cites
d_6609,d_6499,Cites
d_5775,d_6499,Cites
d_6192,d_794,Cites
d_6351,d_794,Cites
d_4315,d_794,Cites
d_1771,d_4756,Cites
d_2159,d_4756,Cites
d_2223,d_4756,Cites
d_410,d_4756,Cites
d_4406,d_4756,Cites
d_3521,d_4756,Cites
d_5176,d_4756,Cites
d_4879,d_1504,Cites
d_6900,d_3795,Cites
d_4668,d_5122,Cites
d_3368,d_5354,Cites
d_1449,d_5354,Cites
d_4827,d_5354,Cites
d_6330,d_6111,Cites
d_5481,d_6111,Cites
d_560,d_6111,Cites
d_3322,d_2508,Cites
d_6311,d_3825,Cites
d_3845,d_3910,Cites
d_1778,d_2789,Cites
d_3002,d_6648,Cites
d_1021,d_6648,Cites
d_4006,d_4637,Cites
d_3193,d_4637,Cites
d_588,d_5004,Cites
d_2622,d_5004,Cites
d_2076,d_5004,Cites
d_2420,d_5004,Cites
d_976,d_5004,Cites
d_6636,d_5004,Cites
d_5872,d_5004,Cites
d_368,d_1508,Cites
d_5289,d_1508,Cites
d_1755,d_1508,Cites
d_3677,d_2224,Cites
d_4655,d_6025,Cites
d_5830,d_6282,Cites
d_7040,d_125,Cites
d_1336,d_6999,Cites
d_6657,d_6999,Cites
d_6918,d_3168,Cites
d_1653,d_278,Cites
d_2399,d_278,Cites
d_2067,d_6707,Cites
d_4416,d_6707,Cites
d_6182,d_6556,Cites
d_1388,d_6241,Cites
d_5162,d_5249,Cites
d_278,d_2399,Cites
d_1653,d_2399,Cites
d_2515,d_3055,Cites
d_6435,d_3055,Cites
d_1768,d_6646,Cites
d_5125,d_4662,Cites
d_4220,d_4662,Cites
d_864,d_4662,Cites
d_4507,d_4662,Cites
d_4523,d_4662,Cites
d_5437,d_4662,Cites
d_5364,d_4662,Cites
d_281,d_4383,Cites
d_6704,d_4383,Cites
d_683,d_6154,Cites
d_4203,d_4967,Cites
d_6649,d_4967,Cites
d_3885,d_499,Cites
d_6044,d_499,Cites
d_2521,d_499,Cites
d_4148,d_499,Cites
d_3711,d_6283,Cites
d_1716,d_5533,Cites
d_3871,d_5533,Cites
d_3255,d_5533,Cites
d_5068,d_5533,Cites
d_2424,d_1855,Cites
d_7062,d_2255,Cites
d_1443,d_1746,Cites
d_2782,d_1746,Cites
d_5164,d_1746,Cites
d_2690,d_5655,Cites
d_2107,d_5655,Cites
d_1947,d_6658,Cites
d_3623,d_6658,Cites
d_625,d_5199,Cites
d_187,d_4375,Cites
d_139,d_6897,Cites
d_6923,d_6888,Cites
d_1206,d_4138,Cites
d_4557,d_4138,Cites
d_3545,d_4138,Cites
d_3676,d_4138,Cites
d_7006,d_4138,Cites
d_2339,d_4138,Cites
d_3803,d_5900,Cites
d_2145,d_5900,Cites
d_1435,d_4462,Cites
d_3790,d_6766,Cites
d_5777,d_6766,Cites
d_6427,d_6766,Cites
d_5929,d_6766,Cites
d_5326,d_2229,Cites
d_7115,d_6013,Cites
d_2223,d_410,Cites
d_4406,d_410,Cites
d_2159,d_410,Cites
d_4756,d_410,Cites
d_3521,d_410,Cites
d_1771,d_410,Cites
d_5176,d_410,Cites
d_3861,d_1773,Cites
d_1221,d_1773,Cites
d_6584,d_1773,Cites
d_5339,d_1773,Cites
d_3183,d_5630,Cites
d_3861,d_1221,Cites
d_5339,d_1221,Cites
d_1773,d_1221,Cites
d_6584,d_1221,Cites
d_588,d_2076,Cites
d_6636,d_2076,Cites
d_5872,d_2076,Cites
d_976,d_2076,Cites
d_2622,d_2076,Cites
d_2420,d_2076,Cites
d_5004,d_2076,Cites
d_115,d_5831,Cites
d_3360,d_6825,Cites
d_965,d_4975,Cites
d_840,d_535,Cites
d_6013,d_7115,Cites
d_4251,d_2018,Cites
d_4904,d_3010,Cites
d_6808,d_3010,Cites
d_2466,d_1904,Cites
d_5662,d_1904,Cites
d_5289,d_1755,Cites
d_1508,d_1755,Cites
d_368,d_1755,Cites
d_5546,d_5399,Cites
d_563,d_5399,Cites
d_4672,d_6177,Cites
d_6489,d_5768,Cites
d_5230,d_5768,Cites
d_4080,d_5768,Cites
d_5514,d_2658,Cites
d_1363,d_2658,Cites
d_6720,d_948,Cites
d_13,d_948,Cites
d_6184,d_2353,Cites
d_896,d_2353,Cites
d_5354,d_4827,Cites
d_1449,d_4827,Cites
d_3368,d_4827,Cites
d_2508,d_3322,Cites
d_2679,d_5618,Cites
d_5004,d_5872,Cites
d_6636,d_5872,Cites
d_588,d_5872,Cites
d_2622,d_5872,Cites
d_2420,d_5872,Cites
d_2076,d_5872,Cites
d_976,d_5872,Cites
d_2013,d_5696,Cites
d_58,d_2336,Cites
d_6306,d_6191,Cites
d_98,d_4829,Cites
d_368,d_5289,Cites
d_1508,d_5289,Cites
d_1755,d_5289,Cites
d_3255,d_3871,Cites
d_5533,d_3871,Cites
d_5068,d_3871,Cites
d_1716,d_3871,Cites
d_2903,d_3156,Cites
d_1855,d_2424,Cites
d_4248,d_4884,Cites
d_3836,d_5941,Cites
d_4758,d_4153,Cites
d_1800,d_4153,Cites
d_5073,d_4153,Cites
d_499,d_3885,Cites
d_6044,d_3885,Cites
d_2521,d_3885,Cites
d_4148,d_3885,Cites
d_6308,d_7090,Cites
d_5979,d_7090,Cites
d_7119,d_4170,Cites
d_1416,d_3920,Cites
d_838,d_5959,Cites
d_1055,d_5959,Cites
d_1457,d_6549,Cites
d_5346,d_807,Cites
d_3444,d_4733,Cites
d_5105,d_4733,Cites
d_622,d_1608,Cites
d_5906,d_6465,Cites
d_6967,d_4761,Cites
d_6940,d_4761,Cites
d_6108,d_6800,Cites
d_6293,d_1297,Cites
d_426,d_4751,Cites
d_5468,d_4069,Cites
d_4154,d_882,Cites
d_2481,d_3507,Cites
d_1860,d_3507,Cites
d_6738,d_3507,Cites
d_5403,d_3507,Cites
d_1909,d_5656,Cites
d_6474,d_6627,Cites
d_2016,d_6627,Cites
d_5962,d_6676,Cites
d_5481,d_560,Cites
d_6111,d_560,Cites
d_6330,d_560,Cites
d_1019,d_2969,Cites
d_714,d_3550,Cites
d_4525,d_582,Cites
d_2997,d_582,Cites
d_5718,d_2449,Cites
d_2940,d_1164,Cites
d_4017,d_1932,Cites
d_322,d_5596,Cites
d_1992,d_3893,Cites
d_6892,d_3618,Cites
d_7052,d_3107,Cites
d_6992,d_300,Cites
d_6847,d_7072,Cites
d_3721,d_4893,Cites
d_1312,d_5362,Cites
d_2706,d_4378,Cites
d_5397,d_4120,Cites
d_1650,d_6952,Cites
d_1405,d_4116,Cites
d_4998,d_6002,Cites
d_6331,d_6002,Cites
d_6722,d_6002,Cites
d_5344,d_425,Cites
d_2139,d_6747,Cites
d_4462,d_1435,Cites
d_4080,d_6489,Cites
d_5230,d_6489,Cites
d_5768,d_6489,Cites
d_4196,d_6989,Cites
d_1303,d_6989,Cites
d_6219,d_1254,Cites
d_1413,d_7112,Cites
d_559,d_7112,Cites
d_450,d_7112,Cites
d_2672,d_2365,Cites
d_3634,d_2365,Cites
d_2376,d_2702,Cites
d_6347,d_2702,Cites
d_408,d_4566,Cites
d_5451,d_561,Cites
d_2018,d_4251,Cites
d_7022,d_2457,Cites
d_3620,d_5491,Cites
d_5199,d_625,Cites
d_4197,d_5629,Cites
d_1527,d_5629,Cites
d_3343,d_142,Cites
d_1295,d_142,Cites
d_2497,d_737,Cites
d_2595,d_3422,Cites
d_7084,d_3422,Cites
d_3088,d_6632,Cites
d_595,d_718,Cites
d_6663,d_3412,Cites
d_7104,d_4683,Cites
d_5709,d_4683,Cites
d_5001,d_4683,Cites
d_4884,d_4248,Cites
d_6762,d_6120,Cites
d_4420,d_6043,Cites
d_2520,d_6043,Cites
d_3931,d_6043,Cites
d_4829,d_98,Cites
d_6331,d_6722,Cites
d_6002,d_6722,Cites
d_4998,d_6722,Cites
d_4546,d_2875,Cites
d_3668,d_2262,Cites
d_2232,d_291,Cites
d_5399,d_563,Cites
d_5546,d_563,Cites
d_7092,d_4950,Cites
d_2679,d_6486,Cites
d_498,d_4257,Cites
d_3783,d_447,Cites
d_456,d_2569,Cites
d_5001,d_7104,Cites
d_5709,d_7104,Cites
d_6623,d_6834,Cites
d_730,d_738,Cites
d_1707,d_5279,Cites
d_1976,d_1963,Cites
d_7059,d_144,Cites
d_5936,d_6060,Cites
d_6258,d_6170,Cites
d_37,d_6170,Cites
d_1664,d_2662,Cites
d_1861,d_2662,Cites
d_274,d_1612,Cites
d_679,d_5573,Cites
d_3412,d_6663,Cites
d_982,d_3342,Cites
d_2429,d_3342,Cites
d_1297,d_6293,Cites
d_4416,d_2067,Cites
d_6707,d_2067,Cites
d_4378,d_2706,Cites
d_5831,d_115,Cites
d_6465,d_5906,Cites
d_350,d_5446,Cites
d_4919,d_4380,Cites
d_4362,d_264,Cites
d_4586,d_3264,Cites
d_5964,d_5331,Cites
d_4865,d_104,Cites
d_3252,d_586,Cites
d_2789,d_1778,Cites
d_561,d_5451,Cites
d_6241,d_1388,Cites
d_104,d_4865,Cites
d_3034,d_6665,Cites
d_6533,d_455,Cites
d_1599,d_5247,Cites
d_4284,d_5383,Cites
d_1711,d_4287,Cites
d_2002,d_4587,Cites
d_5446,d_350,Cites
d_2982,d_6096,Cites
d_2379,d_6096,Cites
d_3795,d_6900,Cites
d_3010,d_4904,Cites
d_6808,d_4904,Cites
d_5929,d_5777,Cites
d_6766,d_5777,Cites
d_3790,d_5777,Cites
d_6427,d_5777,Cites
d_2092,d_5224,Cites
d_1282,d_4034,Cites
d_4332,d_4034,Cites
d_2346,d_5140,Cites
d_4395,d_5465,Cites
d_5710,d_5465,Cites
d_793,d_6119,Cites
d_1750,d_6119,Cites
d_4457,d_3696,Cites
d_1200,d_3097,Cites
d_2875,d_4546,Cites
d_1721,d_6628,Cites
d_125,d_7040,Cites
d_1844,d_5881,Cites
d_1067,d_5881,Cites
d_5362,d_1312,Cites
d_3613,d_675,Cites
d_2684,d_675,Cites
d_1520,d_675,Cites
d_6402,d_2747,Cites
d_372,d_2747,Cites
d_5279,d_1707,Cites
d_5877,d_2968,Cites
d_7081,d_2968,Cites
d_1067,d_1844,Cites
d_5881,d_1844,Cites
d_6096,d_2982,Cites
d_2379,d_2982,Cites
d_5630,d_3183,Cites
d_499,d_2521,Cites
d_3885,d_2521,Cites
d_4148,d_2521,Cites
d_6044,d_2521,Cites
d_4821,d_433,Cites
d_5541,d_3654,Cites
d_6539,d_3654,Cites
d_3228,d_3314,Cites
d_4227,d_3314,Cites
d_3097,d_1200,Cites
d_6747,d_2139,Cites
d_1011,d_5749,Cites
d_1365,d_1972,Cites
d_1182,d_6557,Cites
d_5125,d_5437,Cites
d_5364,d_5437,Cites
d_4220,d_5437,Cites
d_4507,d_5437,Cites
d_4523,d_5437,Cites
d_4662,d_5437,Cites
d_864,d_5437,Cites
d_447,d_3783,Cites
d_4768,d_5670,Cites
d_6848,d_4164,Cites
d_144,d_7059,Cites
d_6347,d_2376,Cites
d_2702,d_2376,Cites
d_5771,d_4847,Cites
d_5447,d_3469,Cites
d_4336,d_3469,Cites
d_2224,d_3677,Cites
d_5399,d_5546,Cites
d_563,d_5546,Cites
d_6897,d_139,Cites
d_4240,d_5419,Cites
d_6320,d_5419,Cites
d_3709,d_5419,Cites
d_1758,d_3237,Cites
d_81,d_3237,Cites
d_6715,d_3237,Cites
d_229,d_6482,Cites
d_5533,d_5068,Cites
d_3255,d_5068,Cites
d_1716,d_5068,Cites
d_3871,d_5068,Cites
d_6877,d_6806,Cites
d_2695,d_6806,Cites
d_4201,d_6806,Cites
d_5109,d_6806,Cites
d_4501,d_3082,Cites
d_3153,d_3082,Cites
d_4669,d_3082,Cites
d_1897,d_6305,Cites
d_549,d_2136,Cites
d_3524,d_6575,Cites
d_3507,d_2481,Cites
d_6738,d_2481,Cites
d_5403,d_2481,Cites
d_1860,d_2481,Cites
d_2309,d_5022,Cites
d_5837,d_1198,Cites
d_281,d_6704,Cites
d_4383,d_6704,Cites
d_6043,d_3931,Cites
d_2520,d_3931,Cites
d_4420,d_3931,Cites
d_6676,d_5962,Cites
d_2144,d_2536,Cites
d_5661,d_5208,Cites
d_4703,d_6299,Cites
d_1849,d_1334,Cites
d_982,d_3224,Cites
d_6082,d_3224,Cites
d_2429,d_3224,Cites
d_4558,d_754,Cites
d_2826,d_3454,Cites
d_1116,d_4181,Cites
d_2339,d_7006,Cites
d_3676,d_7006,Cites
d_1206,d_7006,Cites
d_4138,d_7006,Cites
d_3545,d_7006,Cites
d_4557,d_7006,Cites
d_6665,d_3034,Cites
d_4053,d_3878,Cites
d_35,d_841,Cites
d_1866,d_5591,Cites
d_4594,d_3875,Cites
d_6929,d_2302,Cites
d_5356,d_2302,Cites
d_4662,d_4507,Cites
d_4523,d_4507,Cites
d_4220,d_4507,Cites
d_5364,d_4507,Cites
d_864,d_4507,Cites
d_5125,d_4507,Cites
d_5437,d_4507,Cites
d_4999,d_1397,Cites
d_5295,d_2552,Cites
d_3193,d_4006,Cites
d_4637,d_4006,Cites
d_1780,d_194,Cites
d_3853,d_4384,Cites
d_5651,d_1615,Cites
d_6875,d_1615,Cites
d_4384,d_3853,Cites
d_4102,d_2691,Cites
d_5705,d_899,Cites
d_2579,d_899,Cites
d_2971,d_899,Cites
d_4287,d_1711,Cites
d_4950,d_7092,Cites
d_3002,d_1021,Cites
d_6648,d_1021,Cites
d_4499,d_3195,Cites
d_3636,d_1403,Cites
d_2260,d_6532,Cites
d_4138,d_4557,Cites
d_3545,d_4557,Cites
d_3676,d_4557,Cites
d_1206,d_4557,Cites
d_2339,d_4557,Cites
d_7006,d_4557,Cites
d_3408,d_5746,Cites
d_6800,d_6108,Cites
d_2265,d_6366,Cites
d_4967,d_4203,Cites
d_6649,d_4203,Cites
d_896,d_6184,Cites
d_2353,d_6184,Cites
d_1071,d_2051,Cites
d_6486,d_2679,Cites
d_3499,d_2679,Cites
d_5618,d_2679,Cites
d_6226,d_148,Cites
d_4138,d_1206,Cites
d_4557,d_1206,Cites
d_3676,d_1206,Cites
d_3545,d_1206,Cites
d_7006,d_1206,Cites
d_2339,d_1206,Cites
d_5833,d_3141,Cites
d_4786,d_3141,Cites
d_903,d_3141,Cites
d_4151,d_3141,Cites
d_898,d_3141,Cites
d_6456,d_3141,Cites
d_425,d_5344,Cites
d_718,d_595,Cites
d_5748,d_3644,Cites
d_3162,d_3644,Cites
d_5271,d_3644,Cites
d_3407,d_3644,Cites
d_803,d_4448,Cites
d_3469,d_4336,Cites
d_5447,d_4336,Cites
d_6704,d_281,Cites
d_4383,d_281,Cites
d_6766,d_3790,Cites
d_6427,d_3790,Cites
d_5777,d_3790,Cites
d_5929,d_3790,Cites
d_3314,d_4227,Cites
d_3228,d_4227,Cites
d_4697,d_615,Cites
d_3064,d_615,Cites
d_3222,d_3027,Cites
d_5910,d_3027,Cites
d_1214,d_1892,Cites
d_2136,d_549,Cites
d_4727,d_5918,Cites
d_6525,d_805,Cites
d_4617,d_3125,Cites
d_4086,d_1484,Cites
d_1714,d_4819,Cites
d_4685,d_4819,Cites
d_5386,d_4819,Cites
d_1063,d_6085,Cites
d_2159,d_1771,Cites
d_4756,d_1771,Cites
d_2223,d_1771,Cites
d_3521,d_1771,Cites
d_4406,d_1771,Cites
d_5176,d_1771,Cites
d_410,d_1771,Cites
d_6272,d_2332,Cites
d_1374,d_2571,Cites
d_6549,d_1457,Cites
d_4786,d_4151,Cites
d_903,d_4151,Cites
d_3141,d_4151,Cites
d_898,d_4151,Cites
d_5833,d_4151,Cites
d_6456,d_4151,Cites
d_734,d_5130,Cites
d_6814,d_5130,Cites
d_4172,d_2812,Cites
d_3642,d_2812,Cites
d_1486,d_5987,Cites
d_7081,d_5877,Cites
d_2968,d_5877,Cites
d_3422,d_2595,Cites
d_7084,d_2595,Cites
d_5074,d_5425,Cites
d_2679,d_3499,Cites
d_6060,d_5936,Cites
d_3444,d_5105,Cites
d_4733,d_5105,Cites
d_4406,d_3521,Cites
d_5176,d_3521,Cites
d_1771,d_3521,Cites
d_2223,d_3521,Cites
d_2159,d_3521,Cites
d_4756,d_3521,Cites
d_410,d_3521,Cites
d_3125,d_4617,Cites
d_6707,d_4416,Cites
d_2067,d_4416,Cites
d_1589,d_2472,Cites
d_5097,d_2472,Cites
d_6628,d_1721,Cites
d_6715,d_1758,Cites
d_81,d_1758,Cites
d_3237,d_1758,Cites
d_5696,d_2013,Cites
d_4501,d_3153,Cites
d_4669,d_3153,Cites
d_3082,d_3153,Cites
d_1479,d_1635,Cites
d_4116,d_1405,Cites
d_582,d_2997,Cites
d_4525,d_2997,Cites
d_5425,d_5074,Cites
d_4952,d_1784,Cites
d_315,d_3238,Cites
d_3696,d_4457,Cites
d_6053,d_6371,Cites
d_1520,d_2684,Cites
d_675,d_2684,Cites
d_3613,d_2684,Cites
d_4728,d_2248,Cites
d_2114,d_2248,Cites
d_433,d_4821,Cites
d_2057,d_4821,Cites
d_5331,d_5964,Cites
d_5490,d_713,Cites
d_5104,d_713,Cites
d_4111,d_2665,Cites
d_1965,d_4746,Cites
d_6812,d_2849,Cites
d_754,d_4558,Cites
d_1223,d_3980,Cites
d_5305,d_1753,Cites
d_5656,d_1909,Cites
d_3894,d_1940,Cites
d_2262,d_3668,Cites
d_5140,d_2346,Cites
d_5271,d_3407,Cites
d_3644,d_3407,Cites
d_3162,d_3407,Cites
d_5748,d_3407,Cites
d_1070,d_6812,Cites
d_2849,d_6812,Cites
d_4137,d_5467,Cites
d_2933,d_3257,Cites
d_6671,d_359,Cites
d_2281,d_359,Cites
d_3644,d_5271,Cites
d_3162,d_5271,Cites
d_3407,d_5271,Cites
d_5748,d_5271,Cites
d_899,d_2971,Cites
d_5705,d_2971,Cites
d_4421,d_2971,Cites
d_1774,d_6159,Cites
d_5900,d_3803,Cites
d_2145,d_3803,Cites
d_4259,d_926,Cites
d_5224,d_2092,Cites
d_899,d_5705,Cites
d_2579,d_5705,Cites
d_4421,d_5705,Cites
d_2971,d_5705,Cites
d_3343,d_1295,Cites
d_142,d_1295,Cites
d_1021,d_3002,Cites
d_6648,d_3002,Cites
d_6025,d_4655,Cites
d_2752,d_3420,Cites
d_1980,d_5231,Cites
d_6855,d_5058,Cites
d_781,d_1979,Cites
d_723,d_1979,Cites
d_5591,d_1866,Cites
d_4909,d_6963,Cites
d_4221,d_6963,Cites
d_838,d_1055,Cites
d_5959,d_1055,Cites
d_6067,d_4561,Cites
d_5609,d_2918,Cites
d_5122,d_4668,Cites
d_3910,d_3845,Cites
d_2478,d_3776,Cites
d_4164,d_6848,Cites
d_1974,d_536,Cites
d_782,d_536,Cites
d_3878,d_4053,Cites
d_5058,d_6855,Cites
d_2582,d_2289,Cites
d_4847,d_5771,Cites
d_2944,d_2157,Cites
d_6532,d_2260,Cites
d_313,d_6829,Cites
d_3875,d_4594,Cites
d_4662,d_4523,Cites
d_5125,d_4523,Cites
d_4507,d_4523,Cites
d_5364,d_4523,Cites
d_864,d_4523,Cites
d_5437,d_4523,Cites
d_4220,d_4523,Cites
d_5670,d_4768,Cites
d_1101,d_4485,Cites
d_1083,d_4485,Cites
d_6177,d_4672,Cites
d_1861,d_1664,Cites
d_2662,d_1664,Cites
d_3709,d_6320,Cites
d_5419,d_6320,Cites
d_4240,d_6320,Cites
d_564,d_4954,Cites
d_6834,d_6623,Cites
d_797,d_859,Cites
d_961,d_859,Cites
d_6812,d_1070,Cites
d_3644,d_5748,Cites
d_3407,d_5748,Cites
d_3162,d_5748,Cites
d_5271,d_5748,Cites
d_3156,d_2903,Cites
d_455,d_6533,Cites
d_7013,d_5203,Cites
d_5356,d_6929,Cites
d_2302,d_6929,Cites
d_6482,d_229,Cites
d_2332,d_6272,Cites
d_1198,d_5837,Cites
d_1979,d_723,Cites
d_781,d_723,Cites
d_4561,d_6067,Cites
d_1764,d_2382,Cites
d_2658,d_1363,Cites
d_5514,d_1363,Cites
d_5125,d_5364,Cites
d_864,d_5364,Cites
d_4662,d_5364,Cites
d_4523,d_5364,Cites
d_4507,d_5364,Cites
d_5437,d_5364,Cites
d_4220,d_5364,Cites
d_4227,d_3228,Cites
d_3314,d_3228,Cites
d_4156,d_5931,Cites
d_874,d_4465,Cites
d_4774,d_783,Cites
d_6191,d_6306,Cites
d_5214,d_2294,Cites
d_2028,d_3700,Cites
d_6424,d_6321,Cites
d_1542,d_3847,Cites
d_6561,d_4680,Cites
d_6901,d_4432,Cites
d_3462,d_3744,Cites
d_6159,d_1774,Cites
d_5918,d_4727,Cites
d_3778,d_1215,Cites
d_1279,d_3590,Cites
d_5022,d_2309,Cites
d_709,d_5913,Cites
d_7072,d_6847,Cites
d_7104,d_5001,Cites
d_4683,d_5001,Cites
d_5709,d_5001,Cites
d_2212,d_3079,Cites
d_4697,d_3064,Cites
d_615,d_3064,Cites
d_6082,d_2429,Cites
d_3224,d_2429,Cites
d_982,d_2429,Cites
d_3342,d_2429,Cites
d_142,d_3343,Cites
d_1295,d_3343,Cites
d_5203,d_7013,Cites
d_4804,d_6094,Cites
d_40,d_3932,Cites
d_6444,d_3932,Cites
d_6111,d_6330,Cites
d_5481,d_6330,Cites
d_560,d_6330,Cites
d_5886,d_730,Cites
d_738,d_730,Cites
d_1612,d_274,Cites
d_2050,d_1286,Cites
d_783,d_4774,Cites
d_6540,d_3608,Cites
d_4826,d_861,Cites
d_1387,d_861,Cites
d_1635,d_1479,Cites
d_2376,d_6347,Cites
d_2702,d_6347,Cites
d_5924,d_2331,Cites
d_7125,d_2331,Cites
d_774,d_2911,Cites
d_6929,d_5356,Cites
d_2302,d_5356,Cites
d_1207,d_2490,Cites
d_1238,d_2490,Cites
d_2691,d_4102,Cites
d_3550,d_714,Cites
d_148,d_6226,Cites
d_4967,d_6649,Cites
d_4203,d_6649,Cites
d_6940,d_6967,Cites
d_4761,d_6967,Cites
d_4557,d_3545,Cites
d_1206,d_3545,Cites
d_3676,d_3545,Cites
d_2339,d_3545,Cites
d_7006,d_3545,Cites
d_4138,d_3545,Cites
d_1055,d_838,Cites
d_5959,d_838,Cites
d_2331,d_5924,Cites
d_7125,d_5924,Cites
d_5833,d_898,Cites
d_6456,d_898,Cites
d_903,d_898,Cites
d_4786,d_898,Cites
d_3141,d_898,Cites
d_4151,d_898,Cites
d_3776,d_2478,Cites
d_3702,d_5016,Cites
d_4938,d_5016,Cites
d_3264,d_4586,Cites
d_6810,d_4926,Cites
d_5231,d_1980,Cites
d_4465,d_874,Cites
d_3702,d_4938,Cites
d_5016,d_4938,Cites
d_1844,d_1067,Cites
d_5881,d_1067,Cites
d_899,d_4421,Cites
d_5705,d_4421,Cites
d_2579,d_4421,Cites
d_2971,d_4421,Cites
d_6627,d_2016,Cites
d_6474,d_2016,Cites
d_1131,d_4981,Cites
d_1440,d_3945,Cites
d_1424,d_1116,Cites
d_4181,d_1116,Cites
d_6308,d_5979,Cites
d_6120,d_6762,Cites
d_6864,d_2718,Cites
d_859,d_961,Cites
d_797,d_961,Cites
d_3238,d_315,Cites
d_1026,d_6899,Cites
d_1303,d_4196,Cites
d_6989,d_4196,Cites
d_3932,d_40,Cites
d_6444,d_40,Cites
d_782,d_1974,Cites
d_536,d_1974,Cites
d_1052,d_979,Cites
d_4981,d_1131,Cites
d_4769,d_3492,Cites
d_6658,d_3623,Cites
d_1947,d_3623,Cites
d_4243,d_4204,Cites
d_333,d_5494,Cites
d_4777,d_3769,Cites
d_737,d_2497,Cites
d_845,d_6613,Cites
d_2537,d_6613,Cites
d_3871,d_3255,Cites
d_1716,d_3255,Cites
d_5068,d_3255,Cites
d_5533,d_3255,Cites
d_7099,d_778,Cites
d_5872,d_2420,Cites
d_5004,d_2420,Cites
d_2076,d_2420,Cites
d_6636,d_2420,Cites
d_588,d_2420,Cites
d_2622,d_2420,Cites
d_976,d_2420,Cites
d_364,d_49,Cites
d_6999,d_6657,Cites
d_1336,d_6657,Cites
d_2569,d_456,Cites
d_1533,d_2782,Cites
d_5164,d_2782,Cites
d_1746,d_2782,Cites
d_1443,d_2782,Cites
d_4587,d_2002,Cites
d_4395,d_5710,Cites
d_5465,d_5710,Cites
d_3368,d_1449,Cites
d_4827,d_1449,Cites
d_5354,d_1449,Cites
d_13,d_6720,Cites
d_948,d_6720,Cites
d_3055,d_2515,Cites
d_6435,d_2515,Cites
d_3492,d_4769,Cites
d_4893,d_3721,Cites
d_3847,d_1542,Cites
d_5775,d_6609,Cites
d_6499,d_6609,Cites
d_4781,d_5950,Cites
d_3980,d_1223,Cites
d_334,d_6443,Cites
d_3810,d_6443,Cites
d_805,d_6525,Cites
d_4201,d_6877,Cites
d_2695,d_6877,Cites
d_5109,d_6877,Cites
d_6806,d_6877,Cites
d_5467,d_4137,Cites
d_3173,d_336,Cites
d_4566,d_408,Cites
d_6366,d_2265,Cites
d_6556,d_6182,Cites
d_5073,d_4758,Cites
d_1800,d_4758,Cites
d_4153,d_4758,Cites
d_6371,d_6053,Cites
d_4756,d_2159,Cites
d_2223,d_2159,Cites
d_1771,d_2159,Cites
d_5176,d_2159,Cites
d_4406,d_2159,Cites
d_410,d_2159,Cites
d_3521,d_2159,Cites
d_4826,d_1387,Cites
d_861,d_1387,Cites
d_1481,d_902,Cites
d_6002,d_6331,Cites
d_6722,d_6331,Cites
d_4998,d_6331,Cites
d_582,d_4525,Cites
d_2997,d_4525,Cites
d_6258,d_37,Cites
d_6170,d_37,Cites
d_4120,d_5397,Cites
d_1520,d_3613,Cites
d_2684,d_3613,Cites
d_675,d_3613,Cites
d_6715,d_81,Cites
d_1758,d_81,Cites
d_3237,d_81,Cites
d_940,d_438,Cites
d_2863,d_1839,Cites
d_1714,d_5386,Cites
d_4685,d_5386,Cites
d_4427,d_5386,Cites
d_4819,d_5386,Cites
d_5247,d_1599,Cites
d_49,d_364,Cites
d_1746,d_1443,Cites
d_2782,d_1443,Cites
d_7112,d_559,Cites
d_450,d_559,Cites
d_1413,d_559,Cites
d_1783,d_2251,Cites
d_4153,d_5073,Cites
d_4758,d_5073,Cites
d_1800,d_5073,Cites
d_6478,d_4595,Cites
d_1862,d_4595,Cites
d_2785,d_4595,Cites
d_4281,d_4595,Cites
d_7006,d_2339,Cites
d_1206,d_2339,Cites
d_4138,d_2339,Cites
d_3545,d_2339,Cites
d_4557,d_2339,Cites
d_3676,d_2339,Cites
d_2969,d_1019,Cites
d_3825,d_6311,Cites
d_6305,d_1897,Cites
d_3634,d_2672,Cites
d_2365,d_2672,Cites
d_3222,d_5910,Cites
d_3027,d_5910,Cites
d_6952,d_1650,Cites
d_933,d_3519,Cites
d_6899,d_1026,Cites
d_1940,d_3894,Cites
d_4336,d_5447,Cites
d_3469,d_5447,Cites
d_6165,d_5278,Cites
d_6646,d_1768,Cites
d_1387,d_4826,Cites
d_861,d_4826,Cites
d_6154,d_683,Cites
d_3642,d_4172,Cites
d_2812,d_4172,Cites
d_264,d_4362,Cites
d_5268,d_4436,Cites
d_4669,d_4501,Cites
d_3153,d_4501,Cites
d_3082,d_4501,Cites
d_5458,d_3815,Cites
d_1522,d_3815,Cites
d_4448,d_803,Cites
d_5491,d_3620,Cites
d_586,d_3252,Cites
d_2294,d_5214,Cites
d_3623,d_1947,Cites
d_6658,d_1947,Cites
d_1116,d_1424,Cites
d_3890,d_6413,Cites
d_1608,d_622,Cites
d_4609,d_4569,Cites
d_5655,d_2107,Cites
d_2690,d_2107,Cites
d_5394,d_3679,Cites
d_3590,d_1279,Cites
d_2695,d_4201,Cites
d_6806,d_4201,Cites
d_5109,d_4201,Cites
d_6877,d_4201,Cites
d_6043,d_4420,Cites
d_3931,d_4420,Cites
d_2520,d_4420,Cites
d_4153,d_1800,Cites
d_4758,d_1800,Cites
d_5073,d_1800,Cites
d_713,d_5490,Cites
d_5104,d_5490,Cites
d_3893,d_1992,Cites
d_7104,d_5709,Cites
d_5458,d_1522,Cites
d_3815,d_1522,Cites
d_4151,d_5833,Cites
d_903,d_5833,Cites
d_6456,d_5833,Cites
d_4786,d_5833,Cites
d_3141,d_5833,Cites
d_898,d_5833,Cites
d_2662,d_1861,Cites
d_1664,d_1861,Cites
d_1963,d_1976,Cites
d_6489,d_5230,Cites
d_5768,d_5230,Cites
d_4080,d_5230,Cites
d_438,d_940,Cites
d_5746,d_3408,Cites
d_3257,d_2933,Cites
d_6085,d_1063,Cites
d_6814,d_734,Cites
d_5130,d_734,Cites
d_31,d_5363,Cites
d_6443,d_3810,Cites
d_334,d_3810,Cites
d_37,d_6258,Cites
d_6170,d_6258,Cites
d_4432,d_6901,Cites
d_1997,d_6901,Cites
d_359,d_6671,Cites
d_2281,d_6671,Cites
d_4201,d_2695,Cites
d_6806,d_2695,Cites
d_6877,d_2695,Cites
d_5109,d_2695,Cites
d_2785,d_1862,Cites
d_4595,d_1862,Cites
d_4281,d_1862,Cites
d_6478,d_1862,Cites
d_57,d_870,Cites
d_3920,d_1416,Cites
d_3168,d_6918,Cites
d_3945,d_1440,Cites
d_1508,d_368,Cites
d_5289,d_368,Cites
d_1755,d_368,Cites
d_6738,d_5403,Cites
d_3507,d_5403,Cites
d_1860,d_5403,Cites
d_2481,d_5403,Cites
d_5158,d_608,Cites
d_1282,d_4332,Cites
d_4034,d_4332,Cites
d_4332,d_1282,Cites
d_4034,d_1282,Cites
d_675,d_1520,Cites
d_3613,d_1520,Cites
d_2684,d_1520,Cites
d_4821,d_2057,Cites
d_372,d_6402,Cites
d_2747,d_6402,Cites
d_5217,d_1895,Cites
d_2571,d_1374,Cites
d_1238,d_1207,Cites
d_2490,d_1207,Cites
d_6320,d_4240,Cites
d_3709,d_4240,Cites
d_5419,d_4240,Cites
d_1751,d_4154,Cites
d_882,d_4154,Cites
d_4069,d_5468,Cites
d_4006,d_3193,Cites
d_4637,d_3193,Cites
d_6575,d_3524,Cites
d_6015,d_6600,Cites
d_3195,d_4499,Cites
d_1334,d_1849,Cites
d_6094,d_4804,Cites
d_4542,d_2407,Cites
d_3618,d_6892,Cites
d_3521,d_5176,Cites
d_2223,d_5176,Cites
d_1771,d_5176,Cites
d_410,d_5176,Cites
d_4406,d_5176,Cites
d_2159,d_5176,Cites
d_4756,d_5176,Cites
d_4257,d_498,Cites
d_535,d_840,Cites
d_336,d_3173,Cites
d_4954,d_564,Cites
d_2196,d_2617,Cites
d_5800,d_6039,Cites
d_2536,d_2144,Cites
d_5924,d_7125,Cites
d_2331,d_7125,Cites
d_2076,d_6636,Cites
d_5872,d_6636,Cites
d_588,d_6636,Cites
d_2420,d_6636,Cites
d_2622,d_6636,Cites
d_5004,d_6636,Cites
d_1750,d_793,Cites
d_6119,d_793,Cites
d_6632,d_3088,Cites
d_5941,d_3836,Cites
d_2353,d_896,Cites
d_6184,d_896,Cites
d_6299,d_4703,Cites
d_5872,d_588,Cites
d_2420,d_588,Cites
d_6636,d_588,Cites
d_2076,d_588,Cites
d_5004,d_588,Cites
d_2622,d_588,Cites
d_976,d_588,Cites
d_6096,d_2379,Cites
d_2982,d_2379,Cites
d_3842,d_6365,Cites
d_6140,d_2033,Cites
d_4733,d_3444,Cites
d_5105,d_3444,Cites
d_6283,d_3711,Cites
d_690,d_3711,Cites
d_6600,d_6015,Cites
d_1101,d_1083,Cites
d_4485,d_1083,Cites
d_1892,d_1214,Cites
d_3141,d_4786,Cites
d_903,d_4786,Cites
d_898,d_4786,Cites
d_4151,d_4786,Cites
d_6456,d_4786,Cites
d_5833,d_4786,Cites
d_4485,d_1101,Cites
d_1083,d_1101,Cites
d_2107,d_2690,Cites
d_5655,d_2690,Cites
d_6609,d_5775,Cites
d_6499,d_5775,Cites
d_3255,d_1716,Cites
d_3871,d_1716,Cites
d_5533,d_1716,Cites
d_5068,d_1716,Cites
d_1164,d_2940,Cites
d_5900,d_2145,Cites
d_3803,d_2145,Cites
d_1286,d_2050,Cites
d_793,d_1750,Cites
d_6119,d_1750,Cites
d_926,d_4259,Cites
d_4201,d_5109,Cites
d_2695,d_5109,Cites
d_6806,d_5109,Cites
d_6877,d_5109,Cites
d_1678,d_4322,Cites
d_979,d_1052,Cites
d_494,d_668,Cites
d_5777,d_5929,Cites
d_3790,d_5929,Cites
d_6427,d_5929,Cites
d_6766,d_5929,Cites
d_6307,d_5739,Cites
d_870,d_57,Cites
d_291,d_2232,Cites
d_3153,d_4669,Cites
d_3082,d_4669,Cites
d_4501,d_4669,Cites
d_4975,d_965,Cites
d_6901,d_1997,Cites
d_1403,d_3636,Cites
d_608,d_5158,Cites
d_6365,d_3842,Cites
d_82,d_121,Cites
d_4427,d_4685,Cites
d_5386,d_4685,Cites
d_4819,d_4685,Cites
d_5910,d_3222,Cites
d_3027,d_3222,Cites
d_1758,d_6715,Cites
d_81,d_6715,Cites
d_3237,d_6715,Cites
d_2968,d_7081,Cites
d_5877,d_7081,Cites
d_1839,d_2863,Cites
d_5651,d_6875,Cites
d_1615,d_6875,Cites
d_6825,d_3360,Cites
d_3769,d_4777,Cites
d_3130,d_6933,Cites
d_5278,d_6165,Cites
d_3107,d_7052,Cites
d_2255,d_7062,Cites
d_5494,d_333,Cites
d_4375,d_187,Cites
d_2918,d_5609,Cites
d_794,d_4315,Cites
d_6192,d_4315,Cites
d_6351,d_4315,Cites
d_2672,d_3634,Cites
d_2365,d_3634,Cites
d_2399,d_1653,Cites
d_278,d_1653,Cites
d_499,d_4148,Cites
d_6044,d_4148,Cites
d_2521,d_4148,Cites
d_3885,d_4148,Cites
d_1215,d_3778,Cites
d_4406,d_2223,Cites
d_410,d_2223,Cites
d_2159,d_2223,Cites
d_4756,d_2223,Cites
d_3521,d_2223,Cites
d_1771,d_2223,Cites
d_5176,d_2223,Cites
d_3861,d_5339,Cites
d_1773,d_5339,Cites
d_1221,d_5339,Cites
d_6584,d_5339,Cites
d_2617,d_2196,Cites
d_841,d_35,Cites
d_3176,d_6006,Cites
d_1484,d_4086,Cites
d_3010,d_6808,Cites
d_4904,d_6808,Cites
d_4281,d_6478,Cites
d_4595,d_6478,Cites
d_1862,d_6478,Cites
d_2785,d_6478,Cites
d_4221,d_4909,Cites
d_6963,d_4909,Cites
d_3815,d_5458,Cites
d_1522,d_5458,Cites
d_6875,d_5651,Cites
d_1615,d_5651,Cites
d_4507,d_4220,Cites
d_864,d_4220,Cites
d_5437,d_4220,Cites
d_4523,d_4220,Cites
d_4662,d_4220,Cites
d_5125,d_4220,Cites
d_5364,d_4220,Cites
d_2229,d_5326,Cites
d_6829,d_313,Cites
d_5363,d_31,Cites
d_778,d_7099,Cites
d_4380,d_4919,Cites
d_668,d_494,Cites
d_6413,d_3890,Cites
d_6489,d_4080,Cites
d_5230,d_4080,Cites
d_5768,d_4080,Cites
d_4170,d_7119,Cites
d_4436,d_5268,Cites
d_6443,d_334,Cites
d_3810,d_334,Cites
d_2239,d_223,Cites
d_3064,d_4697,Cites
d_615,d_4697,Cites
d_3224,d_982,Cites
d_2429,d_982,Cites
d_3342,d_982,Cites
d_6082,d_982,Cites
d_1979,d_781,Cites
d_4680,d_6561,Cites
d_6584,d_3861,Cites
d_1773,d_3861,Cites
d_5339,d_3861,Cites
d_1221,d_3861,Cites
d_859,d_797,Cites
d_961,d_797,Cites
d_6999,d_1336,Cites
d_6657,d_1336,Cites
d_2595,d_7084,Cites
d_3422,d_7084,Cites
d_5950,d_4781,Cites
d_4197,d_1527,Cites
d_5629,d_1527,Cites
d_1504,d_4879,Cites
d_5016,d_3702,Cites
d_4938,d_3702,Cites
d_450,d_1413,Cites
d_7112,d_1413,Cites
d_559,d_1413,Cites
d_5749,d_1011,Cites
d_2033,d_6140,Cites
d_4322,d_1678,Cites
d_5490,d_5104,Cites
d_713,d_5104,Cites
d_1207,d_1238,Cites
d_2490,d_1238,Cites
d_5465,d_4395,Cites
d_5710,d_4395,Cites
d_4196,d_1303,Cites
d_6989,d_1303,Cites
d_2911,d_774,Cites
d_6963,d_4221,Cites
d_4909,d_4221,Cites
d_1895,d_5217,Cites
d_6039,d_5800,Cites
d_807,d_5346,Cites
d_2457,d_7022,Cites
d_6613,d_2537,Cites
d_845,d_2537,Cites
d_2251,d_1783,Cites
d_6738,d_1860,Cites
d_5403,d_1860,Cites
d_3507,d_1860,Cites
d_2481,d_1860,Cites
d_2382,d_1764,Cites
d_4240,d_3709,Cites
d_5419,d_3709,Cites
d_6320,d_3709,Cites
d_6111,d_5481,Cites
d_560,d_5481,Cites
d_6330,d_5481,Cites
d_6753,d_3266,Cites
d_5176,d_4406,Cites
d_410,d_4406,Cites
d_3521,d_4406,Cites
d_2223,d_4406,Cites
d_2159,d_4406,Cites
d_4756,d_4406,Cites
d_1771,d_4406,Cites
d_1413,d_450,Cites
d_559,d_450,Cites
d_7112,d_450,Cites
d_40,d_6444,Cites
d_3932,d_6444,Cites
d_6321,d_6424,Cites
d_3700,d_2028,Cites
d_6331,d_4998,Cites
d_6002,d_4998,Cites
d_6722,d_4998,Cites
d_5097,d_1589,Cites
d_2472,d_1589,Cites
d_1904,d_5662,Cites
d_2466,d_5662,Cites
d_5931,d_4156,Cites
d_5573,d_679,Cites
d_5249,d_5162,Cites
d_2552,d_5295,Cites
d_3454,d_2826,Cites
d_3266,d_6753,Cites
d_4662,d_864,Cites
d_5364,d_864,Cites
d_4220,d_864,Cites
d_5125,d_864,Cites
d_5437,d_864,Cites
d_4523,d_864,Cites
d_6456,d_903,Cites
d_5833,d_903,Cites
d_4151,d_903,Cites
d_4786,d_903,Cites
d_3141,d_903,Cites
d_898,d_903,Cites
d_1932,d_4017,Cites
d_3079,d_2212,Cites
d_6888,d_6923,Cites
d_4751,d_426,Cites
d_3141,d_6456,Cites
d_898,d_6456,Cites
d_4151,d_6456,Cites
d_903,d_6456,Cites
d_5833,d_6456,Cites
d_4786,d_6456,Cites
d_6402,d_372,Cites
d_2747,d_372,Cites
d_5004,d_2622,Cites
d_588,d_2622,Cites
d_5872,d_2622,Cites
d_6636,d_2622,Cites
d_976,d_2622,Cites
d_2076,d_2622,Cites
d_2420,d_2622,Cites
d_3711,d_690,Cites
d_3654,d_5541,Cites
d_6539,d_5541,Cites
d_4926,d_6810,Cites
d_5541,d_6539,Cites
d_3654,d_6539,Cites
d_902,d_1481,Cites
d_2336,d_58,Cites
d_5271,d_3162,Cites
d_3644,d_3162,Cites
d_3407,d_3162,Cites
d_5748,d_3162,Cites
d_794,d_6351,Cites
d_6192,d_6351,Cites
d_4315,d_6351,Cites
d_300,d_6992,Cites
d_2515,d_6435,Cites
d_3055,d_6435,Cites
d_5739,d_6307,Cites
d_2429,d_6082,Cites
d_982,d_6082,Cites
d_3224,d_6082,Cites
d_6613,d_845,Cites
d_2537,d_845,Cites
d_2665,d_4111,Cites
d_1449,d_3368,Cites
d_5354,d_3368,Cites
d_4827,d_3368,Cites
d_4761,d_6940,Cites
d_6967,d_6940,Cites
d_6478,d_4281,Cites
d_1862,d_4281,Cites
d_4595,d_4281,Cites
d_2785,d_4281,Cites
d_2016,d_6474,Cites
d_6627,d_6474,Cites
d_4569,d_4609,Cites
d_6933,d_3130,Cites
d_5403,d_6738,Cites
d_1860,d_6738,Cites
d_3507,d_6738,Cites
d_2481,d_6738,Cites
d_2812,d_3642,Cites
d_4172,d_3642,Cites
d_1753,d_5305,Cites
d_6282,d_5830,Cites
d_2449,d_5718,Cites
d_3744,d_3462,Cites
d_5339,d_6584,Cites
d_3861,d_6584,Cites
d_1773,d_6584,Cites
d_1221,d_6584,Cites
