source,target,relation
p_3301,p_4696,Cites
p_1638,p_4806,Cites
p_3469,p_4782,Cites
p_3752,p_4176,Cites
p_362,p_3253,Cites
p_3290,p_3581,Cites
p_2330,p_4111,Cites
p_4413,p_4111,Cites
p_2734,p_1904,Cites
p_4409,p_2690,Cites
p_4588,p_4048,Cites
p_4104,p_3323,Cites
p_3282,p_3132,Cites
p_4750,p_4439,Cites
p_2977,p_2936,Cites
p_1309,p_2936,Cites
p_2706,p_3071,Cites
p_190,p_5210,Cites
p_2108,p_5435,Cites
p_5566,p_1912,Cites
p_988,p_1645,Cites
p_4593,p_1687,Cites
p_3998,p_4023,Cites
p_5270,p_4023,Cites
p_4937,p_3367,Cites
p_1135,p_2433,Cites
p_5157,p_2990,Cites
p_3648,p_5309,Cites
p_755,p_1695,Cites
p_324,p_1695,Cites
p_4725,p_4854,Cites
p_667,p_255,Cites
p_4541,p_1925,Cites
p_1583,p_3151,Cites
p_21,p_5269,Cites
p_433,p_4963,Cites
p_4669,p_4893,Cites
p_2819,p_1790,Cites
p_4071,p_5479,Cites
p_4909,p_340,Cites
p_5086,p_3340,Cites
p_399,p_1914,Cites
p_3560,p_3015,Cites
p_4681,p_4322,Cites
p_907,p_2664,Cites
p_2429,p_3688,Cites
p_353,p_970,Cites
p_2344,p_5360,Cites
p_5175,p_3237,Cites
p_935,p_527,Cites
p_440,p_2625,Cites
p_2989,p_3947,Cites
p_3875,p_1615,Cites
p_4510,p_1615,Cites
p_971,p_4246,Cites
p_835,p_140,Cites
p_1753,p_140,Cites
p_2897,p_1281,Cites
p_949,p_4792,Cites
p_1740,p_1410,Cites
p_5435,p_2108,Cites
p_1753,p_835,Cites
p_140,p_835,Cites
p_5036,p_3499,Cites
p_5440,p_3499,Cites
p_1071,p_3499,Cites
p_2551,p_5131,Cites
p_2936,p_1309,Cites
p_1589,p_3735,Cites
p_2841,p_3735,Cites
p_5048,p_3955,Cites
p_3085,p_3896,Cites
p_2140,p_1698,Cites
p_2003,p_1698,Cites
p_1520,p_1698,Cites
p_4025,p_1206,Cites
p_5208,p_1206,Cites
p_3556,p_4907,Cites
p_1261,p_2420,Cites
p_2729,p_3169,Cites
p_2130,p_5356,Cites
p_1320,p_3681,Cites
p_5185,p_2845,Cites
p_1871,p_3981,Cites
p_2428,p_2009,Cites
p_4139,p_2606,Cites
p_3084,p_2040,Cites
p_1113,p_5519,Cites
p_4814,p_2562,Cites
p_1519,p_3813,Cites
p_5407,p_5444,Cites
p_1804,p_5444,Cites
p_4793,p_3089,Cites
p_1852,p_3393,Cites
p_2582,p_1367,Cites
p_262,p_1367,Cites
p_2842,p_5263,Cites
p_4102,p_2954,Cites
p_5004,p_2838,Cites
p_2748,p_2794,Cites
p_4248,p_1677,Cites
p_1604,p_1677,Cites
p_5077,p_1677,Cites
p_5503,p_1677,Cites
p_3564,p_4995,Cites
p_1212,p_4994,Cites
p_4965,p_5437,Cites
p_2678,p_2523,Cites
p_3477,p_5511,Cites
p_1887,p_2580,Cites
p_4716,p_4879,Cites
p_1307,p_1985,Cites
p_3425,p_2578,Cites
p_4758,p_5599,Cites
p_104,p_2255,Cites
p_5467,p_567,Cites
p_4694,p_567,Cites
p_5271,p_2825,Cites
p_1392,p_1441,Cites
p_2825,p_5271,Cites
p_4448,p_4838,Cites
p_4083,p_752,Cites
p_5588,p_3997,Cites
p_4684,p_3204,Cites
p_4847,p_3204,Cites
p_2317,p_2932,Cites
p_516,p_4323,Cites
p_502,p_2079,Cites
p_78,p_2186,Cites
p_2606,p_4139,Cites
p_2659,p_3257,Cites
p_3664,p_3620,Cites
p_5131,p_2551,Cites
p_612,p_164,Cites
p_5556,p_5566,Cites
p_3035,p_1154,Cites
p_5367,p_2937,Cites
p_1571,p_3475,Cites
p_452,p_3475,Cites
p_1914,p_399,Cites
p_5356,p_2130,Cites
p_4111,p_2330,Cites
p_4413,p_2330,Cites
p_1832,p_5394,Cites
p_491,p_1919,Cites
p_3296,p_1804,Cites
p_5267,p_5510,Cites
p_3353,p_1480,Cites
p_945,p_2662,Cites
p_944,p_2662,Cites
p_3767,p_1517,Cites
p_2860,p_4688,Cites
p_1725,p_2362,Cites
p_1371,p_3054,Cites
p_56,p_2059,Cites
p_507,p_3178,Cites
p_2808,p_3178,Cites
p_2040,p_3084,Cites
p_2487,p_2780,Cites
p_3297,p_1491,Cites
p_1741,p_1061,Cites
p_3787,p_4296,Cites
p_2671,p_4317,Cites
p_2936,p_2977,Cites
p_362,p_719,Cites
p_4759,p_719,Cites
p_4012,p_719,Cites
p_520,p_719,Cites
p_1344,p_719,Cites
p_4817,p_4516,Cites
p_4943,p_2717,Cites
p_4862,p_5650,Cites
p_4717,p_19,Cites
p_5526,p_4923,Cites
p_806,p_4923,Cites
p_3981,p_1871,Cites
p_4241,p_3534,Cites
p_419,p_889,Cites
p_5328,p_4959,Cites
p_3997,p_5588,Cites
p_4392,p_2115,Cites
p_1184,p_2585,Cites
p_3257,p_2659,Cites
p_1410,p_1740,Cites
p_826,p_2030,Cites
p_1609,p_1499,Cites
p_198,p_4774,Cites
p_1452,p_475,Cites
p_4338,p_2309,Cites
p_3389,p_2622,Cites
p_2027,p_2418,Cites
p_4879,p_4716,Cites
p_2018,p_506,Cites
p_5300,p_4656,Cites
p_5098,p_5462,Cites
p_233,p_5462,Cites
p_2937,p_5367,Cites
p_1587,p_1411,Cites
p_4623,p_796,Cites
p_2466,p_1195,Cites
p_1481,p_4140,Cites
p_2954,p_4102,Cites
p_4079,p_1200,Cites
p_322,p_1238,Cites
p_889,p_419,Cites
p_3427,p_3373,Cites
p_5120,p_5307,Cites
p_5187,p_1340,Cites
p_2841,p_1589,Cites
p_3735,p_1589,Cites
p_4839,p_4622,Cites
p_347,p_1703,Cites
p_1138,p_2922,Cites
p_4497,p_781,Cites
p_5242,p_781,Cites
p_5606,p_781,Cites
p_5459,p_2509,Cites
p_3885,p_2518,Cites
p_3855,p_4470,Cites
p_1011,p_3105,Cites
p_985,p_4543,Cites
p_3055,p_4543,Cites
p_751,p_2351,Cites
p_1695,p_324,Cites
p_755,p_324,Cites
p_766,p_4460,Cites
p_2578,p_3425,Cites
p_4177,p_3755,Cites
p_103,p_1939,Cites
p_1081,p_5058,Cites
p_3023,p_4698,Cites
p_4571,p_4051,Cites
p_712,p_4051,Cites
p_2583,p_5440,Cites
p_825,p_2212,Cites
p_5325,p_4126,Cites
p_3868,p_4126,Cites
p_4290,p_1688,Cites
p_5093,p_3449,Cites
p_950,p_3449,Cites
p_3031,p_3395,Cites
p_1555,p_4841,Cites
p_5107,p_2614,Cites
p_4938,p_5241,Cites
p_450,p_5605,Cites
p_4342,p_3203,Cites
p_4386,p_3544,Cites
p_2790,p_2750,Cites
p_1355,p_3849,Cites
p_3735,p_2841,Cites
p_1589,p_2841,Cites
p_1695,p_755,Cites
p_324,p_755,Cites
p_2201,p_3800,Cites
p_3256,p_5400,Cites
p_1950,p_5400,Cites
p_1156,p_4618,Cites
p_3695,p_3637,Cites
p_3583,p_3591,Cites
p_110,p_3591,Cites
p_413,p_2621,Cites
p_1171,p_2621,Cites
p_2812,p_715,Cites
p_4845,p_4751,Cites
p_2582,p_262,Cites
p_2982,p_2291,Cites
p_3729,p_2291,Cites
p_796,p_4623,Cites
p_4751,p_4845,Cites
p_4522,p_2647,Cites
p_4877,p_2647,Cites
p_4167,p_2647,Cites
p_3581,p_3290,Cites
p_1195,p_2466,Cites
p_3860,p_982,Cites
p_2523,p_2678,Cites
p_2394,p_1072,Cites
p_245,p_3911,Cites
p_5063,p_1664,Cites
p_983,p_4742,Cites
p_3013,p_1955,Cites
p_2589,p_2784,Cites
p_1513,p_3823,Cites
p_1633,p_2073,Cites
p_4853,p_4099,Cites
p_980,p_5368,Cites
p_2911,p_3438,Cites
p_4719,p_2096,Cites
p_573,p_5198,Cites
p_315,p_5123,Cites
p_1411,p_1587,Cites
p_2662,p_944,Cites
p_945,p_944,Cites
p_2013,p_102,Cites
p_2780,p_2487,Cites
p_5496,p_3279,Cites
p_3962,p_277,Cites
p_3767,p_2458,Cites
p_1645,p_988,Cites
p_1804,p_4068,Cites
p_1340,p_5187,Cites
p_5583,p_5266,Cites
p_1919,p_491,Cites
p_200,p_4379,Cites
p_4228,p_3289,Cites
p_588,p_1726,Cites
p_1924,p_2001,Cites
p_4697,p_4277,Cites
p_2491,p_764,Cites
p_697,p_2563,Cites
p_4142,p_5628,Cites
p_2786,p_87,Cites
p_5115,p_5157,Cites
p_1200,p_4079,Cites
p_3267,p_1162,Cites
p_1728,p_3634,Cites
p_4367,p_5622,Cites
p_4460,p_766,Cites
p_2418,p_2027,Cites
p_4622,p_4839,Cites
p_2554,p_2718,Cites
p_5392,p_2441,Cites
p_2020,p_4244,Cites
p_2338,p_937,Cites
p_4542,p_937,Cites
p_1029,p_542,Cites
p_2001,p_1924,Cites
p_1554,p_3857,Cites
p_3704,p_225,Cites
p_3054,p_1371,Cites
p_1315,p_2866,Cites
p_4618,p_2866,Cites
p_200,p_3281,Cites
p_75,p_5315,Cites
p_3549,p_722,Cites
p_4742,p_983,Cites
p_2803,p_219,Cites
p_4543,p_3596,Cites
p_4688,p_2860,Cites
p_2061,p_1666,Cites
p_4264,p_2950,Cites
p_3032,p_4988,Cites
p_4543,p_3055,Cites
p_2375,p_1391,Cites
p_1359,p_2768,Cites
p_4722,p_2768,Cites
p_4519,p_1754,Cites
p_5363,p_3802,Cites
p_3482,p_5165,Cites
p_4694,p_5467,Cites
p_567,p_5467,Cites
p_3136,p_955,Cites
p_2592,p_2948,Cites
p_2291,p_240,Cites
p_3729,p_240,Cites
p_4659,p_1096,Cites
p_2563,p_697,Cites
p_3415,p_1647,Cites
p_1154,p_3035,Cites
p_3323,p_4104,Cites
p_5360,p_2344,Cites
p_5419,p_2344,Cites
p_153,p_2844,Cites
p_4702,p_2844,Cites
p_3040,p_3946,Cites
p_3204,p_4684,Cites
p_4847,p_4684,Cites
p_1238,p_322,Cites
p_5504,p_1173,Cites
p_3015,p_3560,Cites
p_3263,p_3419,Cites
p_975,p_603,Cites
p_1587,p_5132,Cites
p_1751,p_2817,Cites
p_489,p_2739,Cites
p_4791,p_5592,Cites
p_2171,p_5592,Cites
p_70,p_223,Cites
p_4198,p_4712,Cites
p_2366,p_129,Cites
p_3818,p_25,Cites
p_2866,p_1315,Cites
p_3646,p_1854,Cites
p_821,p_1854,Cites
p_4458,p_1854,Cites
p_3426,p_4352,Cites
p_2116,p_2748,Cites
p_4079,p_2820,Cites
p_4912,p_1976,Cites
p_5650,p_4862,Cites
p_1296,p_443,Cites
p_3026,p_3636,Cites
p_158,p_3927,Cites
p_944,p_945,Cites
p_2662,p_945,Cites
p_2670,p_2783,Cites
p_823,p_2783,Cites
p_2159,p_5427,Cites
p_2028,p_1052,Cites
p_952,p_4722,Cites
p_2594,p_2422,Cites
p_3636,p_3026,Cites
p_910,p_5322,Cites
p_939,p_3200,Cites
p_2664,p_907,Cites
p_520,p_1344,Cites
p_2543,p_616,Cites
p_3998,p_616,Cites
p_4976,p_616,Cites
p_2796,p_5647,Cites
p_5343,p_4533,Cites
p_5401,p_4533,Cites
p_5354,p_4533,Cites
p_2110,p_4533,Cites
p_1253,p_4533,Cites
p_2186,p_78,Cites
p_3891,p_1751,Cites
p_2269,p_2611,Cites
p_1918,p_1753,Cites
p_835,p_1753,Cites
p_140,p_1753,Cites
p_5036,p_2608,Cites
p_5593,p_2680,Cites
p_577,p_5063,Cites
p_3919,p_2926,Cites
p_4014,p_5073,Cites
p_2330,p_4413,Cites
p_4111,p_4413,Cites
p_3133,p_5578,Cites
p_5002,p_5578,Cites
p_2050,p_2963,Cites
p_2486,p_2811,Cites
p_5354,p_2110,Cites
p_649,p_1205,Cites
p_4089,p_1205,Cites
p_4385,p_3786,Cites
p_1955,p_1053,Cites
p_172,p_4199,Cites
p_169,p_4199,Cites
p_5199,p_3168,Cites
p_3793,p_4209,Cites
p_850,p_2075,Cites
p_1463,p_4822,Cites
p_3105,p_1011,Cites
p_4391,p_598,Cites
p_1437,p_598,Cites
p_3089,p_4793,Cites
p_3396,p_2,Cites
p_3815,p_4554,Cites
p_3302,p_3967,Cites
p_1052,p_2028,Cites
p_1054,p_4652,Cites
p_1020,p_4652,Cites
p_5315,p_75,Cites
p_3645,p_5433,Cites
p_1191,p_5433,Cites
p_5269,p_21,Cites
p_2818,p_2813,Cites
p_1822,p_3595,Cites
p_4231,p_884,Cites
p_3380,p_884,Cites
p_625,p_3686,Cites
p_5068,p_3725,Cites
p_2915,p_2382,Cites
p_986,p_2074,Cites
p_2182,p_2074,Cites
p_4727,p_549,Cites
p_3516,p_4600,Cites
p_3800,p_2201,Cites
p_4319,p_3564,Cites
p_731,p_3888,Cites
p_3204,p_4847,Cites
p_4684,p_4847,Cites
p_2382,p_4666,Cites
p_181,p_5134,Cites
p_3133,p_768,Cites
p_1512,p_3566,Cites
p_2690,p_4409,Cites
p_1680,p_820,Cites
p_2545,p_208,Cites
p_86,p_2121,Cites
p_4806,p_1638,Cites
p_5368,p_980,Cites
p_1666,p_2061,Cites
p_3637,p_3695,Cites
p_1173,p_5504,Cites
p_1377,p_283,Cites
p_2304,p_302,Cites
p_4228,p_4916,Cites
p_3614,p_4916,Cites
p_576,p_4916,Cites
p_2,p_3396,Cites
p_2543,p_4976,Cites
p_5270,p_4976,Cites
p_859,p_4282,Cites
p_3121,p_1006,Cites
p_4002,p_1910,Cites
p_1468,p_2165,Cites
p_955,p_3136,Cites
p_24,p_5182,Cites
p_937,p_2338,Cites
p_4542,p_2338,Cites
p_3583,p_110,Cites
p_3591,p_110,Cites
p_1787,p_5490,Cites
p_4652,p_1020,Cites
p_4764,p_1693,Cites
p_1117,p_3554,Cites
p_3444,p_2104,Cites
p_40,p_2104,Cites
p_2382,p_2915,Cites
p_4167,p_4522,Cites
p_2647,p_4522,Cites
p_4877,p_4522,Cites
p_506,p_2018,Cites
p_3449,p_5093,Cites
p_950,p_5093,Cites
p_3868,p_5325,Cites
p_4126,p_5325,Cites
p_1522,p_2247,Cites
p_2498,p_1244,Cites
p_3190,p_4750,Cites
p_1253,p_41,Cites
p_3367,p_4937,Cites
p_3809,p_2317,Cites
p_1915,p_2317,Cites
p_1249,p_421,Cites
p_240,p_421,Cites
p_3729,p_421,Cites
p_1865,p_2368,Cites
p_1745,p_3377,Cites
p_2148,p_3377,Cites
p_4947,p_4725,Cites
p_3419,p_3263,Cites
p_1095,p_4417,Cites
p_3132,p_5143,Cites
p_4154,p_4568,Cites
p_5583,p_2271,Cites
p_5506,p_2271,Cites
p_3955,p_5048,Cites
p_3700,p_5059,Cites
p_3788,p_1510,Cites
p_3028,p_1510,Cites
p_4140,p_1481,Cites
p_4870,p_3264,Cites
p_915,p_5228,Cites
p_1006,p_3121,Cites
p_4522,p_4877,Cites
p_2647,p_4877,Cites
p_4167,p_4877,Cites
p_3983,p_2504,Cites
p_3688,p_2429,Cites
p_2247,p_1522,Cites
p_2030,p_826,Cites
p_4317,p_2671,Cites
p_806,p_5526,Cites
p_4923,p_5526,Cites
p_1269,p_964,Cites
p_1206,p_4025,Cites
p_5208,p_4025,Cites
p_3967,p_3302,Cites
p_1599,p_901,Cites
p_3191,p_2424,Cites
p_820,p_1680,Cites
p_2607,p_1948,Cites
p_628,p_381,Cites
p_4228,p_4859,Cites
p_4887,p_621,Cites
p_1505,p_791,Cites
p_2947,p_791,Cites
p_832,p_559,Cites
p_5051,p_1062,Cites
p_3178,p_507,Cites
p_2808,p_507,Cites
p_4893,p_4669,Cites
p_1549,p_582,Cites
p_5415,p_1694,Cites
p_3753,p_5555,Cites
p_621,p_4887,Cites
p_901,p_1599,Cites
p_4930,p_4950,Cites
p_1833,p_2157,Cites
p_4142,p_1590,Cites
p_370,p_58,Cites
p_4873,p_1667,Cites
p_5394,p_4173,Cites
p_4126,p_3868,Cites
p_5325,p_3868,Cites
p_2886,p_2666,Cites
p_339,p_4432,Cites
p_1064,p_4833,Cites
p_2129,p_3651,Cites
p_790,p_3727,Cites
p_3301,p_3727,Cites
p_4025,p_5208,Cites
p_1206,p_5208,Cites
p_4554,p_3815,Cites
p_544,p_4373,Cites
p_5386,p_5160,Cites
p_5462,p_5098,Cites
p_233,p_5098,Cites
p_1215,p_4956,Cites
p_3411,p_493,Cites
p_305,p_493,Cites
p_5059,p_3700,Cites
p_1577,p_163,Cites
p_1959,p_3583,Cites
p_110,p_3583,Cites
p_3591,p_3583,Cites
p_5656,p_2304,Cites
p_4156,p_3094,Cites
p_881,p_3366,Cites
p_4543,p_985,Cites
p_1693,p_5202,Cites
p_542,p_1029,Cites
p_4792,p_949,Cites
p_3849,p_1355,Cites
p_363,p_1996,Cites
p_220,p_4299,Cites
p_649,p_4089,Cites
p_1205,p_4089,Cites
p_2165,p_1468,Cites
p_2164,p_4036,Cites
p_2622,p_3389,Cites
p_2784,p_2589,Cites
p_1790,p_2819,Cites
p_3395,p_3031,Cites
p_2096,p_4719,Cites
p_61,p_1079,Cites
p_5210,p_190,Cites
p_3755,p_4177,Cites
p_529,p_4294,Cites
p_4113,p_1066,Cites
p_208,p_2545,Cites
p_5614,p_3379,Cites
p_3669,p_4592,Cites
p_5369,p_3141,Cites
p_520,p_5136,Cites
p_3454,p_1277,Cites
p_4652,p_1054,Cites
p_3587,p_3135,Cites
p_5319,p_718,Cites
p_4779,p_718,Cites
p_5556,p_718,Cites
p_5462,p_233,Cites
p_5098,p_233,Cites
p_4536,p_2886,Cites
p_790,p_2886,Cites
p_4002,p_4183,Cites
p_3402,p_5205,Cites
p_4330,p_646,Cites
p_2845,p_5185,Cites
p_3614,p_151,Cites
p_5227,p_1530,Cites
p_2032,p_4944,Cites
p_3947,p_2989,Cites
p_1834,p_4158,Cites
p_1391,p_2375,Cites
p_4170,p_3171,Cites
p_5398,p_3171,Cites
p_1162,p_3267,Cites
p_4587,p_2178,Cites
p_3090,p_929,Cites
p_1025,p_4404,Cites
p_613,p_2691,Cites
p_1061,p_1741,Cites
p_5036,p_445,Cites
p_2926,p_3919,Cites
p_4016,p_3531,Cites
p_3526,p_3531,Cites
p_1499,p_1609,Cites
p_5647,p_2796,Cites
p_603,p_2131,Cites
p_4323,p_516,Cites
p_3863,p_1228,Cites
p_2850,p_946,Cites
p_957,p_4851,Cites
p_1135,p_4851,Cites
p_1625,p_3202,Cites
p_3483,p_3551,Cites
p_3620,p_3643,Cites
p_5350,p_3643,Cites
p_4951,p_3643,Cites
p_4750,p_3190,Cites
p_4944,p_5466,Cites
p_5556,p_4672,Cites
p_4138,p_3186,Cites
p_1880,p_1863,Cites
p_2063,p_1863,Cites
p_2009,p_2428,Cites
p_1791,p_3047,Cites
p_2133,p_391,Cites
p_3878,p_391,Cites
p_234,p_2327,Cites
p_4428,p_1297,Cites
p_5467,p_4694,Cites
p_567,p_4694,Cites
p_5510,p_5267,Cites
p_3071,p_2706,Cites
p_4708,p_1010,Cites
p_715,p_2352,Cites
p_4585,p_2352,Cites
p_1094,p_1482,Cites
p_2141,p_2347,Cites
p_2594,p_4463,Cites
p_1975,p_4463,Cites
p_5437,p_4965,Cites
p_982,p_3860,Cites
p_2255,p_104,Cites
p_3729,p_313,Cites
p_2291,p_313,Cites
p_3449,p_950,Cites
p_5093,p_950,Cites
p_2182,p_420,Cites
p_4412,p_420,Cites
p_2002,p_2452,Cites
p_4877,p_4167,Cites
p_2647,p_4167,Cites
p_4522,p_4167,Cites
p_1228,p_3863,Cites
p_443,p_1296,Cites
p_1651,p_1913,Cites
p_1273,p_3626,Cites
p_2241,p_2312,Cites
p_290,p_1152,Cites
p_294,p_1341,Cites
p_45,p_1341,Cites
p_790,p_1341,Cites
p_4736,p_1341,Cites
p_733,p_264,Cites
p_2075,p_850,Cites
p_3566,p_1512,Cites
p_2178,p_4587,Cites
p_331,p_1050,Cites
p_5160,p_5386,Cites
p_2303,p_2637,Cites
p_3986,p_61,Cites
p_4929,p_3648,Cites
p_2969,p_1216,Cites
p_2215,p_53,Cites
p_4841,p_1555,Cites
p_507,p_2808,Cites
p_3178,p_2808,Cites
p_5591,p_2427,Cites
p_3483,p_1585,Cites
p_3986,p_1585,Cites
p_3725,p_5068,Cites
p_3296,p_1949,Cites
p_391,p_3878,Cites
p_2133,p_3878,Cites
p_5081,p_2528,Cites
p_4463,p_2528,Cites
p_4209,p_3793,Cites
p_4566,p_4754,Cites
p_5394,p_1832,Cites
p_381,p_628,Cites
p_3891,p_1720,Cites
p_1667,p_4873,Cites
p_1804,p_4220,Cites
p_1586,p_4220,Cites
p_3821,p_3496,Cites
p_2524,p_4729,Cites
p_598,p_1437,Cites
p_4391,p_1437,Cites
p_1838,p_435,Cites
p_3279,p_5496,Cites
p_2322,p_3810,Cites
p_3391,p_3810,Cites
p_618,p_3182,Cites
p_1585,p_3483,Cites
p_3986,p_3483,Cites
p_1688,p_4290,Cites
p_5526,p_806,Cites
p_4923,p_806,Cites
p_922,p_316,Cites
p_1703,p_347,Cites
p_3724,p_4763,Cites
p_730,p_4763,Cites
p_4791,p_2171,Cites
p_5592,p_2171,Cites
p_4470,p_3855,Cites
p_1325,p_2596,Cites
p_3598,p_2094,Cites
p_3896,p_3085,Cites
p_1439,p_771,Cites
p_3542,p_2406,Cites
p_1904,p_2734,Cites
p_1617,p_1063,Cites
p_4158,p_1834,Cites
p_2518,p_4903,Cites
p_1726,p_588,Cites
p_2063,p_1880,Cites
p_1863,p_1880,Cites
p_438,p_5450,Cites
p_3911,p_245,Cites
p_4635,p_2630,Cites
p_1985,p_1307,Cites
p_572,p_2335,Cites
p_2427,p_5591,Cites
p_2094,p_3598,Cites
p_3666,p_3342,Cites
p_2104,p_3342,Cites
p_332,p_1866,Cites
p_3888,p_731,Cites
p_2751,p_3926,Cites
p_5157,p_5115,Cites
p_5134,p_181,Cites
p_2077,p_4359,Cites
p_4322,p_4359,Cites
p_154,p_5004,Cites
p_2838,p_5004,Cites
p_5165,p_3482,Cites
p_3948,p_1114,Cites
p_4782,p_3469,Cites
p_3366,p_881,Cites
p_3653,p_5365,Cites
p_169,p_1295,Cites
p_771,p_1439,Cites
p_5371,p_5661,Cites
p_3786,p_4385,Cites
p_3944,p_2654,Cites
p_225,p_3704,Cites
p_1760,p_857,Cites
p_1244,p_2498,Cites
p_1466,p_4911,Cites
p_1480,p_3353,Cites
p_1644,p_157,Cites
p_1152,p_290,Cites
p_1334,p_4633,Cites
p_2631,p_4547,Cites
p_1884,p_4157,Cites
p_4712,p_4157,Cites
p_3256,p_1950,Cites
p_5400,p_1950,Cites
p_3802,p_5363,Cites
p_5659,p_2765,Cites
p_4049,p_4574,Cites
p_3429,p_2605,Cites
p_2197,p_3059,Cites
p_2073,p_4830,Cites
p_2345,p_1697,Cites
p_5342,p_1697,Cites
p_4383,p_2644,Cites
p_4618,p_4320,Cites
p_250,p_5415,Cites
p_3041,p_3043,Cites
p_5472,p_2799,Cites
p_1281,p_2897,Cites
p_1925,p_4541,Cites
p_4890,p_3577,Cites
p_438,p_3577,Cites
p_1527,p_3476,Cites
p_2963,p_2050,Cites
p_858,p_3948,Cites
p_4101,p_1828,Cites
p_1277,p_3454,Cites
p_576,p_4076,Cites
p_2424,p_3191,Cites
p_4368,p_1576,Cites
p_231,p_4853,Cites
p_5578,p_3133,Cites
p_768,p_3133,Cites
p_5002,p_3133,Cites
p_3670,p_2136,Cites
p_466,p_2136,Cites
p_332,p_2136,Cites
p_1966,p_2136,Cites
p_638,p_2136,Cites
p_351,p_2136,Cites
p_1612,p_273,Cites
p_764,p_2491,Cites
p_1866,p_332,Cites
p_391,p_2133,Cites
p_3878,p_2133,Cites
p_2680,p_5593,Cites
p_5082,p_3466,Cites
p_3683,p_1736,Cites
p_4246,p_971,Cites
p_2644,p_4383,Cites
p_646,p_4330,Cites
p_3264,p_4870,Cites
p_1880,p_2063,Cites
p_1863,p_2063,Cites
p_2171,p_4791,Cites
p_3651,p_2129,Cites
p_3000,p_1534,Cites
p_277,p_3962,Cites
p_4536,p_4736,Cites
p_4089,p_649,Cites
p_1205,p_649,Cites
p_1216,p_2969,Cites
p_200,p_2840,Cites
p_4585,p_1826,Cites
p_3669,p_2790,Cites
p_2750,p_2790,Cites
p_3738,p_3918,Cites
p_3348,p_3334,Cites
p_1736,p_3683,Cites
p_3001,p_4346,Cites
p_4675,p_1298,Cites
p_2159,p_1298,Cites
p_3544,p_4386,Cites
p_19,p_4717,Cites
p_4587,p_661,Cites
p_612,p_661,Cites
p_4701,p_661,Cites
p_283,p_1377,Cites
p_752,p_4083,Cites
p_2948,p_2592,Cites
p_2192,p_5366,Cites
p_4221,p_5366,Cites
p_4572,p_5366,Cites
p_5354,p_5366,Cites
p_2630,p_4635,Cites
p_4656,p_5300,Cites
p_2625,p_440,Cites
p_475,p_1452,Cites
p_841,p_2541,Cites
p_4258,p_2541,Cites
p_4822,p_1463,Cites
p_5548,p_1775,Cites
p_857,p_1760,Cites
p_2367,p_3921,Cites
p_4618,p_1156,Cites
p_4320,p_1156,Cites
p_3874,p_5076,Cites
p_1223,p_5076,Cites
p_5472,p_5076,Cites
p_5422,p_1853,Cites
p_316,p_922,Cites
p_1576,p_4368,Cites
p_1158,p_4973,Cites
p_2739,p_489,Cites
p_823,p_2670,Cites
p_2783,p_2670,Cites
p_1687,p_4593,Cites
p_3506,p_2546,Cites
p_3708,p_951,Cites
p_5050,p_951,Cites
p_2240,p_4958,Cites
p_1579,p_4958,Cites
p_3823,p_1513,Cites
p_4294,p_529,Cites
p_1249,p_1816,Cites
p_313,p_1816,Cites
p_421,p_1816,Cites
p_240,p_1816,Cites
p_4562,p_1816,Cites
p_5287,p_2322,Cites
p_297,p_1194,Cites
p_1913,p_1651,Cites
p_1063,p_1617,Cites
p_3554,p_1117,Cites
p_2338,p_4542,Cites
p_937,p_4542,Cites
p_1530,p_5227,Cites
p_2327,p_234,Cites
p_1950,p_3256,Cites
p_5400,p_3256,Cites
p_1519,p_1319,Cites
p_2397,p_393,Cites
p_1243,p_705,Cites
p_935,p_1536,Cites
p_435,p_1838,Cites
p_2821,p_2329,Cites
p_4516,p_4817,Cites
p_200,p_2687,Cites
p_3427,p_1566,Cites
p_3377,p_1745,Cites
p_2192,p_4527,Cites
p_1788,p_4527,Cites
p_3112,p_2444,Cites
p_2121,p_4741,Cites
p_2594,p_4741,Cites
p_2198,p_1684,Cites
p_2760,p_1684,Cites
p_3043,p_3041,Cites
p_2438,p_209,Cites
p_2713,p_4108,Cites
p_5622,p_4367,Cites
p_3082,p_3698,Cites
p_5073,p_4014,Cites
p_264,p_733,Cites
p_2453,p_957,Cites
p_3669,p_3252,Cites
p_273,p_1612,Cites
p_2691,p_613,Cites
p_223,p_70,Cites
p_3822,p_5503,Cites
p_5238,p_5503,Cites
p_1010,p_4708,Cites
p_1297,p_4428,Cites
p_3774,p_5579,Cites
p_3393,p_1852,Cites
p_1062,p_5051,Cites
p_2561,p_2859,Cites
p_4698,p_3023,Cites
p_2329,p_2821,Cites
p_4956,p_1215,Cites
p_205,p_242,Cites
p_5645,p_5154,Cites
p_2615,p_5154,Cites
p_3047,p_1791,Cites
p_413,p_1171,Cites
p_5583,p_3770,Cites
p_4853,p_2839,Cites
p_4099,p_2839,Cites
p_827,p_2839,Cites
p_270,p_4768,Cites
p_598,p_4391,Cites
p_1437,p_4391,Cites
p_3976,p_1616,Cites
p_5148,p_3785,Cites
p_2813,p_2818,Cites
p_5369,p_4284,Cites
p_2059,p_56,Cites
p_2611,p_2269,Cites
p_4963,p_433,Cites
p_4170,p_1461,Cites
p_1316,p_1461,Cites
p_3135,p_3587,Cites
p_2810,p_5262,Cites
p_1194,p_297,Cites
p_2444,p_3112,Cites
p_4685,p_4570,Cites
p_2070,p_3536,Cites
p_2615,p_3491,Cites
p_3496,p_3491,Cites
p_1647,p_3415,Cites
p_157,p_1644,Cites
p_102,p_2013,Cites
p_1585,p_3986,Cites
p_3483,p_3986,Cites
p_200,p_2404,Cites
p_2840,p_2404,Cites
p_2347,p_2141,Cites
p_5076,p_5472,Cites
p_3133,p_5002,Cites
p_768,p_5002,Cites
p_5578,p_5002,Cites
p_970,p_353,Cites
p_4257,p_1735,Cites
p_2614,p_5107,Cites
p_2708,p_4228,Cites
p_4305,p_3699,Cites
p_3948,p_858,Cites
p_3626,p_1273,Cites
p_3168,p_5199,Cites
p_3838,p_5331,Cites
p_3926,p_2751,Cites
p_2115,p_4392,Cites
p_929,p_3090,Cites
p_3088,p_1758,Cites
p_4257,p_2457,Cites
p_1536,p_2457,Cites
